velocity,stopping
0.5,0.10818886423507464
1.0,0.21831848388059702
2.0,0.2087632618097015
3.0,0.12862886215686273
4.0,0.08448980888059701
